	time	title	summary	link	source
0	1488219314	trump on replacing healthcare law that took years to craft nobody knew it could be so complicated	president reaffirms republican commitment to repealing affordable care act amid uncertainty over replacement and rising support for trump told a room full of state governors on monday that nobody knew replacing the massive affordable care act which expanded health coverage to number million americans would prove to be so complicated related donald trumps first budget enormous defense spending as most agencies cut continue reading	https://www.theguardian.com/us-news/2017/feb/27/donald-trump-replacing-obamacare-complicated	GuardianUS
1	1488219079	trump vows big spend on defense and infrastructure video	donald trump discussed his upcoming budget on monday saying the government needs to learn to tighten its belt as he is set to propose a number increase in defense spending and impose corresponding cuts to domestic programs and foreign aid were going to more with less and make the government lean and accountable to the people he said at the national governors association meeting at the white house continue reading	https://www.theguardian.com/us-news/video/2017/feb/27/trump-54bn-defense-spending-video	GuardianUS
2	1488216340	trump nobody knew healthcare could be so complicated video	donald trump said on monday that his administration had come up with a formidable solution to but contends it is a complicated subject nobody knew that healthcare could be so complicated he said at the national governors association meeting at the white house in which he discussed his upcoming budget trump is expected to offer further details on how he would like to overhaul signature healthcare law in a speech to congress on tuesday continue reading	https://www.theguardian.com/us-news/video/2017/feb/27/trump-healthcare-complicated-budget-video	GuardianUS
3	1488215094	george w bush talks trump era policy media indispensable to democracy	former president calls for a welcoming immigration describes religious tolerance as one of our greatest republican us president george w bush diverged sharply from trumps new administration on monday saying he supported a welcoming immigration policy and praising the media as indispensable to a wide ranging interview with today show meanwhile the former president was asked if he had seen signs that trump was trying to close the rift in the us electorate after his divisive campaign against he acknowledged that his own presidency from number to number also began after a contentious election but that it was hard to compare times continue reading	https://www.theguardian.com/us-news/2017/feb/27/george-w-bush-media-immigration-donald-trump	GuardianUS
4	1488214336	donald trumps first budget enormous defense spending as most agencies cut	white house officials say trump will uphold campaign promise to build up military as more than number retired generals and admirals condemn trump will seek a number hike in military spending while cutting foreign aid environmental programmes and domestic agencies by the same amount the white house said on monday related trump white house scrambles to check scandal over fbi inquiry into russia ties continue reading	https://www.theguardian.com/us-news/2017/feb/27/trumps-budget-54-billion-increase-defense-spending	GuardianUS
5	1488201305	kansas shooting indian victim says attack does not reflect states true spirit	says he wishes killing of his best friend was a worker deplores senseless crime at vigil for indian man who was shot and wounded at a bar in suburban kansas city last week says he wished the killing of his best friend during the attack had all been a dream but that the incident apparently fueled by racism doesnt reflect the true spirit of kansas related kansas shooting injured man says suspect asked victims about visas continue reading	https://www.theguardian.com/us-news/2017/feb/27/kansas-shooting-indian-vigil-alok-madasani	GuardianUS
6	1488197933	donald trumps first number days as president daily updates	follow daily updates on the number president of the united states as we track trump one day at a time continue reading	https://www.theguardian.com/us-news/ng-interactive/2017/jan/20/donald-trump-first-100-days-president-daily-updates	GuardianUS
7	1488196802	texas county pulls out of program for local police to act as immigration agents	activists celebrate a victory in resisting trumps crackdown on undocumented immigrants but republicans are weighing other methods to force recalls how his uncle paid a double price when he was arrested for failing to pay road tolls local police in houston handed him to immigration officials who deported him to the years since also an undocumented immigrant from mexico has campaigned to end a program that local officials to act as federal immigration agents potentially turning a minor infraction into a life altering event continue reading	https://www.theguardian.com/us-news/2017/feb/27/texas-harris-county-police-immigration-agents-program	GuardianUS
8	1488193200	is homeless surge tied to marijuana legalization	an number rise in homelessness has fueled speculation over whether legalization boosted the numbers of displaced in americas unofficial legal cannabis in america learn more and sign up for our email mae noel has been on the streets since her denver house which had been in her family for more than a century went into foreclosure in number she also happens to smoke poti use marijuana to treat my ms it has nothing to do with me not having a home she said recently standing outside the denver rescue mission continue reading	https://www.theguardian.com/us-news/2017/feb/27/marijuana-legal-homeless-denver-colorado	GuardianUS
9	1488156964	trump navy secretary nominee withdraws citing disruption to financial interests	philip announces his decision only days after white house said he was number committed to the trumps choice to be secretary of the navy has withdrawn from consideration for the post citing concerns about privacy and separating himself from his business interests related trump white house scrambles to check scandal over fbi inquiry into russia ties continue reading	https://www.theguardian.com/us-news/2017/feb/27/trump-nomination-navy-secretary-withdraws-philip-bilden	GuardianUS
10	1488120123	tom elected new chair of democratic national committee video	former labor secretary tom was elected as the new chair of the democratic national committee on saturday narrowly beating rival after a fiercely fought campaign first motion as chair however was to appoint the first muslim member of congress as deputy chair of the is new democratic party chair beating in tight vote continue reading	https://www.theguardian.com/us-news/video/2017/feb/26/tom-perez-elected-new-chair-of-democratic-national-committee-video	GuardianUS
11	1488110429	conservatives drink the trump aid but who will pick up the tab	a once fringe presidential candidate has turned his doubters into cheerleaders but the spiritual and financial cost of has yet to be writing is on the wall god bless trump america first peace through strength capitalism is beautiful drain the swamp one nation under god make america gay again adorable deplorable and trump is star are among the messages scrawled in the exhibition hall at this years conservative political action conference near close and there is a thread of defiance too abandoned principles to support a big government strongman continue reading	https://www.theguardian.com/us-news/2017/feb/26/donald-trump-cpac-conservative-movement-analysis	GuardianUS
12	1488108252	trump will not attend white house correspondents dinner	president caps week of conflict with press cites first radical attack on the first amendment can not go trump on saturday capped a week of tumultuous relations with the press by saying he will not attend this years white house correspondents dinner which is scheduled for number april related trumps media war threatens journalists globally protection group warns continue reading	https://www.theguardian.com/us-news/2017/feb/25/donald-trump-white-house-correspondents-dinner-not-going	GuardianUS
13	1488079774	well restore power to the people trumps epa pick tells video	speaking at the conservative conference scott promises to restore federalism by giving states more of a say in air and water protection and ensure that regulations are reined in sued the epa over its pollution regulations number times while he was attorney general of oklahoma often in concert with oil and gas interests continue reading	https://www.theguardian.com/global/video/2017/feb/26/well-restore-power-to-the-people-trumps-epa-pick-tells-cpac-video	GuardianUS
14	1488069966	tom is new democratic party chair beating in tight vote	former labor secretary and progressive congressman call for unity against trump after party race that became symbol of centrist progressive former labor secretary tom was elected chairman of the democratic national committee on saturday after a fiercely fought campaign he will now lead a party still divided after the surprising election of donald trump but energized by the liberal backlash to his presidency related how the humble town hall became a battle arena for the trump resistance continue reading	https://www.theguardian.com/us-news/2017/feb/25/tom-perez-democratic-chair-keith-ellison-atlanta-ballot	GuardianUS
15	1488136342	the united states postal service isnt in decline far from it letter from rolando	a recent article number february made the interesting proposal that the united states postal service help distribute food to americas hungry but in the initial version the author described the postal service as in decline in fact the evidence suggests the delivers to number homes from coast to coast six and now increasingly seven days a week as deals such as the one with amazon are signed daily an average of number new household business or organisation addresses are added to the postal delivery network continue reading	https://www.theguardian.com/business/2017/feb/26/the-united-states-postal-service-isnt-in-decline-far-from-it	GuardianUS
16	1488042216	warren oracle of omaha criticises wall street and praises immigrants	billionaire releases annual letter to berkshire of talented and ambitious immigrants sits at odds with billionaire warren whose stock picks have turned berkshire into one of the most successful conglomerates in the world criticised wall street on saturday saying investors should stick with low cost index funds related eight men own more than number billion people do our economics is broken mark continue reading	https://www.theguardian.com/business/2017/feb/25/warren-buffett-berkshire-hathaway-wall-street-apple-annual-letter	GuardianUS
17	1487947363	world gets thirst for british gin as exports hit record of nearly pound number	foreign sales of spirit outperform those of british beef with the us the biggest overseas of british gin surged to record levels last year reaching nearly pound number from show exports of the juniper based spirit rose by number to pound number outperforming exports of british beef and soft drinks continue reading	https://www.theguardian.com/business/2017/feb/24/british-gin-exports-us	GuardianUS
18	1487924241	education publisher reports biggest loss in its history	pre tax losses soar to pound number as group planning to sell its penguin random house stake is hit by slump in us textbook has reported a pre tax loss of pound number for number the biggest in its history after a slump at its us education worlds largest education publisher which in january saw almost pound number wiped from its stock market value after issuing its fifth profit warning in two years reported the record loss after taking a pound number non cash charge for impairment of goodwill reflecting trading pressures in its north american businesses continue reading	https://www.theguardian.com/business/2017/feb/24/education-publisher-pearson-loss-us-penguin-random-house	GuardianUS
19	1487697122	city watchdog investigating over potential financial crime bank reveals	evidence uncovered last year triggered action as bank announces a number decrease in city regulator is investigating over potential breaches of money laundering rules after concerns raised last year by the anti crime monitor installed in biggest bank did not disclose the specific concerns raised by the american lawyer michael who was appointed as the monitor five years ago he is reported to have raised concerns about clients with links to terrorism including isis continue reading	https://www.theguardian.com/business/2017/feb/21/hsbc-cuts-pay-of-senior-executives-after-failing-to-combat-financial	GuardianUS
20	1488218964	trump seeks historic increase of number percent in us budget	washington president donald trump is seeking what he called a historic increase in military spending of more than number percent a huge rise even as the united states has wound down major wars in iraq and afghanistan and remains the worlds strongest military power	http://feeds.reuters.com/~r/Reuters/domesticNews/~3/d7P_aRFQev8/us-usa-trump-budget-idUSKBN1661R2	ReutersUS
21	1488219481	pentagon delivers draft plan to defeat islamic state to white house	washington a pentagon led preliminary plan to defeat islamic state has been delivered to the white house and us defense secretary jim will brief senior administration officials later on monday a defense department spokesman told reporters	http://feeds.reuters.com/~r/Reuters/domesticNews/~3/_GULEkcxcOo/us-usa-trump-pentagon-idUSKBN16620M	ReutersUS
22	1488215967	after anti trump protests the presidents fans organize their own rallies	new york supporters of us president donald trump are holding rallies in towns and cities across the country on monday partly as a rebuttal to waves of anti trump protests that have taken place since the republicans election last november	http://feeds.reuters.com/~r/Reuters/domesticNews/~3/M0Sb8vh1tjI/us-usa-trump-supporters-idUSKBN1661CM	ReutersUS
23	1488219590	us jewish centers report another wave of hoax bomb threats	new york at least number jewish community centers and schools around the united states reported receiving bomb threats on monday reported the fifth wave of such threats this year that have stoked fears of a resurgence of anti semitism	http://feeds.reuters.com/~r/Reuters/domesticNews/~3/ERfJZcVs6So/us-usa-security-jewish-idUSKBN16625E	ReutersUS
24	1488218044	kansas man charged with murder of indian engineer due in court	a white us navy veteran charged with murdering an indian software engineer at a kansas bar was due in court on monday over the shooting which federal authorities are probing as a possible hate crime	http://feeds.reuters.com/~r/Reuters/domesticNews/~3/hbjoUdgUXPg/us-kansas-india-idUSKBN16623I	ReutersUS
25	1488220734	judge lets have jurors from other pennsylvania county	pa a judge granted a request by bill defense lawyers on monday to have jurors picked from a different pennsylvania county in his upcoming sexual assault trial	http://feeds.reuters.com/~r/Reuters/domesticNews/~3/0CmVuUd6tXU/us-people-cosby-idUSKBN16618H	ReutersUS
26	1488219246	minnesota officer pleads not guilty in shooting death of black motorist	a minnesota police officer pleaded not guilty to second degree manslaughter on monday for the fatal shooting of a black motorist that sparked outrage when the moments that followed were broadcast on social media according to a court official	http://feeds.reuters.com/~r/Reuters/domesticNews/~3/Eu96cVSsAvw/us-minnesota-police-idUSKBN16624Q	ReutersUS
27	1488214755	retired us military officers urge congress to fully fund diplomacy aid	washington more than number retired us generals and admirals urged congress on monday to fully fund us diplomacy and foreign aid the same government functions expected to be targeted for cuts in president donald trumps first budget proposal	http://feeds.reuters.com/~r/Reuters/domesticNews/~3/k8kA2XvPnc8/us-usa-trump-budget-foreignpolicy-idUSKBN1661YK	ReutersUS
28	1488213803	trump meets insurers promises catastrophic year for	washington president donald trump told several chief executives of large insurance companies on monday that number will be a catastrophic year for the affordable care act as he seeks to make good on a campaign promise to repeal the measure	http://feeds.reuters.com/~r/Reuters/domesticNews/~3/9-Qw_A7nVxQ/us-usa-obamacare-trump-idUSKBN1661XK	ReutersUS
29	1488220443	kuwait could pay up to number for party at trump hotel in washington	washington this february number story was corrected to show that the event took place on wednesday not saturday corrects reference to event in second paragraph to past tense from present tense corrects paragraph number to clarify that ambassador spoke before the event on wednesday	http://feeds.reuters.com/~r/Reuters/domesticNews/~3/Cthb3Jn9zOk/us-usa-trump-hotel-idUSKBN1640LE	ReutersUS
30	1488165185	its been five years since martin died	five years ago the world learned of martin and how he died	http://rss.cnn.com/~r/rss/cnn_us/~3/ihHhd18iwSU/index.html	CNNUS
31	1468406327	the evolution of	it started with a as countless black men were gunned down predominantly by white cops a few protests turned into a movement now the movement has its sights set on influencing policy and politics	http://rss.cnn.com/~r/rss/cnn_us/~3/qrTTFkjUM3U/index.html	CNNUS
32	1488185644	mardi gras crash suspects blood alcohol level nearly number legal limit	breaking update published at number number pm et	http://rss.cnn.com/~r/rss/cnn_us/~3/IQWSFlqW_v4/index.html	CNNUS
33	1488197269	after he allegedly shot number kansas suspect opened up	a few hours after he allegedly shot three people in kansas killing one adam walked into an in neighboring missouri and opened up to the bartender according to number calls	http://rss.cnn.com/~r/rss/cnn_us/~3/pe7eiQF2B2w/index.html	CNNUS
34	1488211209	another jewish cemetery vandalized	between number and number tombstones were overturned and damaged saturday night at a jewish cemetery in philadelphia police said sunday	http://rss.cnn.com/~r/rss/cnn_us/~3/Nivn6layLAo/index.html	CNNUS
35	1488207446	oscars number looks from the red carpet	see photos from the red carpet at the number academy awards	http://rss.cnn.com/~r/rss/cnn_us/~3/MW4NDG4BzqM/index.html	CNNUS
36	1488158543	judge joseph of the peoples court dies	judge joseph of the popular reality television program the peoples court died at age number on sunday at his home in angeles california according to his son angeles county judge fred he died of natural causes	http://rss.cnn.com/~r/rss/cnn_us/~3/ZEbGVC6pFWc/index.html	CNNUS
37	1488217365	actor bill dies	actor bill whose extensive career included films such as twister aliens and titanic has died a representative for his family said in a statement he was number	http://rss.cnn.com/~r/rss/cnn_us/~3/gjnhUDzrUDI/index.html	CNNUS
38	1488200586	yes we can elect president of france	could france elect president not really but thats not stopping the organizers of number a guerrilla campaign trying to entice the former us president to head to paris	http://rss.cnn.com/~r/rss/cnn_us/~3/l0xJ2FGJWrQ/index.html	CNNUS
39	1488043534	crowds gather as goes on new york coffee run	hundreds of cheering onlookers got a glimpse of former president friday in new york city as he left a fifth avenue building after grabbing coffee	http://rss.cnn.com/~r/rss/cnn_us/~3/9ocH34r1vpU/index.html	CNNUS
40	1488053655	opinion how trumps privilege makes him blind to bigotry	why is the president widening divisions not healing them his failure to recognize his prejudices comes from him being isolated by wealth and power his whole life writes michael	http://rss.cnn.com/~r/rss/cnn_us/~3/HMGhfpz_kw8/index.html	CNNUS
41	1488006050	prosecutors question mayor in federal probe	federal prosecutors interviewed new york mayor bill de on friday in relation to an ongoing investigation his press secretary said in a statement	http://rss.cnn.com/~r/rss/cnn_us/~3/IzJGzRAb4-4/index.html	CNNUS
42	1487959503	are recreational marijuana and addiction linked	as white house press secretary spicer spoke thursday about greater enforcement of federal marijuana laws he seemed to link recreational pot use to a different type of drug	http://rss.cnn.com/~r/rss/cnn_us/~3/rpFdpWqUJ30/index.html	CNNUS
43	1488160005	network readies homes to hide undocumented immigrants	a hammer pounds away in the living room of a middle class home a sanding machine smoothes the grain of the wood floor in the dining room	http://rss.cnn.com/~r/rss/cnn_us/~3/f5zK8m9y5ps/index.html	CNNUS
44	1487954386	army veteran starts fight club to help others with	was serving in the us army when the september number attacks occurred	http://rss.cnn.com/~r/rss/cnn_us/~3/KkBlamohqbg/index.html	CNNUS
45	1488156038	navy secretary nominee withdraws	president donald trumps nominee for navy secretary philip has withdrawn his name from consideration	http://rss.cnn.com/~r/rss/cnn_us/~3/AU3zOwbrOgM/index.html	CNNUS
46	1488191845	spicer checks aides phones for leaks	white house press secretary spicer recently checked his aides cell phones to ensure they werent communicating with reporters as part of an aggressive effort to stem the recent tide of white house leaks	http://rss.cnn.com/~r/rss/cnn_us/~3/9HG3j0fjNVw/index.html	CNNUS
47	1488136394	progressives riled up after vote	progressive activists lashed out at the democratic party on saturday after their choice to lead its national committee minnesota rep was defeated by former administration labor secretary tom in a tight and unexpectedly contentious contest	http://rss.cnn.com/~r/rss/cnn_us/~3/_axhU8M1hMs/index.html	CNNUS
48	1488159403	ellen and give students the ultimate prize		http://rss.cnn.com/~r/rss/cnn_us/~3/Z3KtQGLT6Zc/index.html	CNNUS
49	1488218700	rare tornado hits massachusetts	the national weather service has confirmed that a tornado with winds up to number mph touched down in western say the ef number tornado touched down saturday evening in in franklin county	http://feeds.foxnews.com/~r/foxnews/national/~3/SpxEXU1uMJY/rare-tornado-hits-massachusetts.html	FOXUS
50	1488218580	houston girl number shot dead moments after car crash	houston police are investigating a shooting that killed an number year old girl moments after a car crash saturday	http://feeds.foxnews.com/~r/foxnews/national/~3/Llqb-_RwcjI/houston-girl-8-shot-dead-moments-after-car-crash.html	FOXUS
51	1488218400	navy veteran says hes forced to live in a storage unit	a disabled navy veteran who fought for his country in the gulf war now finds himself living in a denver storage unit he calls home sweet hell	http://feeds.foxnews.com/~r/foxnews/national/~3/vlqse5e6-BM/navy-veteran-says-hes-forced-to-live-in-storage-unit.html	FOXUS
52	1488217680	number rescued after plane crashes into colorado reservoir	two people were extricated after a plane crashed into a reservoir in county on monday morning the fire department said	http://feeds.foxnews.com/~r/foxnews/national/~3/rs6W_l0cA8c/2-rescued-after-plane-crashes-into-colorado-reservoir.html	FOXUS
53	1488217500	trump tower climber avoids jail time	a man who climbed trump tower last summer in an apparent bid to meet then republican presidential candidate donald trump pleaded guilty monday but will avoid jail time	http://feeds.foxnews.com/~r/foxnews/national/~3/CUfJAeRzxco/trump-tower-climber-avoids-jail-time.html	FOXUS
54	1488216600	college administrator allegedly said there were too many jews on his staff	a high ranking administrator secretly complained about too many jews on the faculty at community college according to blockbuster audio obtained by the post	http://feeds.foxnews.com/~r/foxnews/national/~3/V3SH6R1FXIk/college-administrator-allegedly-said-there-were-too-many-jews-on-his-staff.html	FOXUS
55	1488214800	indiana man sentenced to number years for murder of toddler	the man who killed number month old was sentenced to number years in prison with no term suspended on monday	http://feeds.foxnews.com/~r/foxnews/national/~3/9Aw0mAuhF-8/indiana-man-sentenced-to-60-years-for-murder-toddler-shaylyn-ammerman.html	FOXUS
56	1488214800	manhunt launched for mississippi man eyed in number shootings number deaths	a nationwide manhunt was under way monday for a man linked to three shootings in mississippi two of which turned deadly	http://feeds.foxnews.com/~r/foxnews/national/~3/PF676sL0YMY/manhunt-launched-for-mississippi-man-eyed-in-3-shootings-2-deaths.html	FOXUS
57	1488213960	uncle of boy killed over missing birthday cake gets number years in prison	the uncle of a number year old boy who was fatally beaten over a missing piece of birthday cake has been sentenced to number years imprisonment for handcuffing him to a chair and watching the mothers boyfriend pummel the boy senseless	http://feeds.foxnews.com/~r/foxnews/national/~3/HAdtspT_9iw/uncle-boy-killed-over-missing-birthday-cake-gets-10-years-in-prison.html	FOXUS
58	1488213000	who is baby sarah police use to help solve number year old cold case	police have exhumed a remains to create a profile that might solve a mystery haunting a wisconsin for decades who are the parents of sarah and what led to her death inside a sewer hours after her birth	http://feeds.foxnews.com/~r/foxnews/national/~3/JJIQN7dEXLw/who-is-baby-sarah-police-use-dna-to-help-solve-42-year-old-cold-case.html	FOXUS
59	1488210900	minnesota cop pleads not guilty in shooting death of castile	st anthony police officer pleaded not guilty monday morning to manslaughter in the july shooting death of castile the trial date is set for may number	http://feeds.foxnews.com/~r/foxnews/national/~3/YrQS0zs4CTo/minnesota-cop-pleads-not-guilty-in-shooting-death-philando-castile.html	FOXUS
60	1488209520	money being raised to restore vandalized jewish cemetery in philadelphia	money is being raised to repair and restore more than number headstones that were vandalized at a jewish cemetery in philadelphia while police hunt for the person who toppled them	http://feeds.foxnews.com/~r/foxnews/national/~3/CoftM6YU_ek/money-being-raised-to-restore-vandalized-jewish-cemetery-in-philadelphia.html	FOXUS
61	1488200700	officials identify sailor fatally shot at naval air station	navy officials in virginia are identifying a sailor fatally shot by a naval air station security officer	http://feeds.foxnews.com/~r/foxnews/national/~3/JJUOkqEEvFk/officials-identify-sailor-fatally-shot-at-naval-air-station.html	FOXUS
62	1488193440	florida deputies fatally shoot man during domestic call	florida sheriffs deputies fatally shot a man during a domestic violence call	http://feeds.foxnews.com/~r/foxnews/national/~3/hac1b4TnnDg/florida-deputies-fatally-shoot-man-during-domestic-call.html	FOXUS
63	1488192960	man wounded in kansas bar shooting speaks at vigil i wish it was a dream	one of three men shot at a bar in suburban kansas city spoke at a weekend vigil saying i wish it was a dream	http://feeds.foxnews.com/~r/foxnews/national/~3/0tMWEn6flDY/man-wounded-in-kansas-bar-shooting-speaks-at-vigil-wish-it-was-dream.html	FOXUS
64	1488192420	mardi gras crash suspects alcohol level nearly triple legal limit	the driver accused of plowing into a crowd enjoying a mardi gras parade in new orleans had a blood alcohol level nearly three times the legal limit police said	http://feeds.foxnews.com/~r/foxnews/national/~3/8Fg6zw-Pclo/mardi-gras-crash-suspects-alcohol-level-nearly-triple-legal-limit.html	FOXUS
65	1488189600	morning brief best picture blunder trump bashing overshadow oscars	the number academy awards is the talk of the town but it is not for the reason you would expect it to be	http://feeds.foxnews.com/~r/foxnews/national/~3/OeAsh7acxuk/morning-brief-best-picture-blunder-trump-bashing-overshadow-oscars.html	FOXUS
66	1488182640	body of missing angeles teen recovered police say	the body of a number year old boy who vanished in southern california during a powerful storm earlier this month was found saturday on an island in the angeles river police said	http://feeds.foxnews.com/~r/foxnews/national/~3/ecoJ3Zid1T0/body-missing-los-angeles-teen-recovered-police-say.html	FOXUS
67	1488180960	outcry after chicago area public school plans seminar around civil rights race	a public school in one of wealthiest suburbs stepped into unforeseen controversy last week after deciding that its annual seminar would focus on race and civil rights	http://feeds.foxnews.com/~r/foxnews/national/~3/g-GBFvvdf_w/outcry-after-chicago-area-public-school-plans-seminar-around-civil-rights-race.html	FOXUS
68	1488146640	dozens of headstones toppled at philadelphia jewish cemetery	up to number headstones have been damaged at a jewish cemetery in philadelphia authorities said sunday	http://feeds.foxnews.com/~r/foxnews/national/~3/gT8iS0zpl_Q/dozens-headstones-toppled-at-philadelphia-jewish-cemetery.html	FOXUS
69	1488214254	oscars in segment pays tribute to living producer	the number academy awards may well be remembered for its epic best picture gaffe ending but that wasnt the only mistake made on the broadcast	http://feedproxy.google.com/~r/breitbart/~3/BKnlUZnWrnk/	Breitbart
70	1488216888	oscars ratings hit number year low in early numbers	ratings for the number annual academy awards slid for a second consecutive year as a slew of wins for much beloved la la land a shock best picture win for moonlight and a game host in jimmy couldnt move the needle this year	http://feedproxy.google.com/~r/breitbart/~3/3v6JnkJc0w0/	Breitbart
71	1488202544	oscars conspiracy theory trumps revenge against	a new conspiracy theory about sunday nights disastrous ending at the oscars is making the rounds in hollywood according to a report in the east bay times president donald trump sabotaged the best picture award as revenge against host jimmy for mocking him	http://feedproxy.google.com/~r/breitbart/~3/MkZTAMfkiC8/	Breitbart
72	1488215238	is trump admin trying to create a dictatorship	during a discussion of the trump administration banning certain outlets from a press gaggle on mondays broadcast of morning joe co host wondered if the white house was trying to create a dictatorship after playing a clip from white house press secretary spicer in number saying we have a respect for the press when it comes to the government that that is something that you cant ban an entity from you know conservative liberal or otherwise i think thats what makes a democracy a democracy versus a dictatorship stated h es just described himself she added a re they trying to create a dictatorship i mean im not joking and im not angry h t daily caller follow on twitter	http://feedproxy.google.com/~r/breitbart/~3/syuAi8rtwbU/	Breitbart
73	1488213779	america is our country not we are not going to leave	senior anchor declared on friday that the united states belongs to latino migrants emphatically stating to a spanish speaking audience that it is our country not theirs	http://feedproxy.google.com/~r/breitbart/~3/ZhM4ijTUtpY/	Breitbart
74	1488210242	activist preference for kids single sex shower rooms is prejudiced	parents who oppose their children and teenagers being forced to share bathrooms and shower rooms with opposite sex kids must begin putting aside their prejudices says a leading activist who also asserts there are hundreds of thousands of trans kids in the united states	http://feedproxy.google.com/~r/breitbart/~3/OmYIIpMvPJw/	Breitbart
75	1488203297	bush number on trump travel ban a bedrock of our freedom is the right to worship freely	monday on today former president george w bush was asked to offer his thoughts on president donald trumps executive order halting immigration from seven predominantly muslim countries bush emphasized to host today host matt the importance to worship freely i think its very important for all of us to recognize one of our great strengths is for people to be able to worship the way they want to or not worship at all bush said the bedrock of our freedom a bedrock of our freedom is the right to worship freely and i you see i understood right off the bat matt this that is an ideological conflict and people who murder the innocent are not religious people they want to advance an ideology and weve faced those in the past bush went on to say it was hard to fight the war on terror in retreat referring to the united states decision to leave the middle east during president term later when pressed on whether or not he approved or disapproved of the policy bush refrained i am for an immigration policy thats welcoming and upholds the law he added follow jeff poor on	http://feedproxy.google.com/~r/breitbart/~3/Sf61utZE4qc/	Breitbart
76	1488203976	bush its hard to unify the country with the media being so split up	in an appearance monday on today former president george w bush was asked by show host matt about president donald trumps pledge to unify the nation first of all theres only within been one month in office you know hes got four years he said secondly i have to take the man at his word that he wants to unify the country well see if hes able to do so its hard to unify the country with the media being so split up when i was president you mattered a lot more because there were three of you and now theres all kinds of information being bombarded out and people can say things anonymously and its just a different world when asked if he ever considered the media to be an enemy of the people as trump had alleged bush stressed the importance of the media to hold those in power accountable i considered the media to be indispensable to democracy bush continued that we need an independent media to hold people like me to account i mean power can be very addictive and it can be corrosive and its important for the media to	http://feedproxy.google.com/~r/breitbart/~3/Vg1D3ZPvVU4/	Breitbart
77	1488209283	watch college hockey player leaves penalty box fights referee	with number seconds remaining in junior college athletic association championship game community college hockey player left the penalty box and went after a referee sunday freshman defenseman brandon day attacked the referee while his team was trailing number number to dakota college at after the attack officials decided to call the game which end of the hockey championship due to lack of competition per a report by day was taken into custody and charged with assault for his attack follow baker on twitter	http://feedproxy.google.com/~r/breitbart/~3/fnk1sZJd_Hc/	Breitbart
78	1488210933	wrestler receives testosterone treatments wins girls state wrestling championship	mack a number year old boy from texas has won the texas state girls wrestling championship that title caps off an undefeated season for who went number number	http://feedproxy.google.com/~r/breitbart/~3/YFb78oil0Ww/	Breitbart
79	1488186396	pics mexicans build wall of hope protest outside us embassy	a small group of mexican women and their supporters have built a wall of hope outside the us embassy in london in protest at president donald j trumps plans to build a wall along the us mexican border	http://feedproxy.google.com/~r/breitbart/~3/PcfbODWBj6I/	Breitbart
80	1488202005	dallas ft worth schools join sanctuary trend	the school districts of dallas and fort worth are the latest in texas to draft sanctuary policies pledging to make their campuses safe spaces for migrant students and their families even though federal law already protects them in public schools	http://feedproxy.google.com/~r/breitbart/~3/Ug3jg5f702g/	Breitbart
81	1488185173	race faker jobless on food stamps nearly homeless	two years after being exposed as a white woman posing as a black civil rights champion former branch president is jobless welfare dependent and a month away from being homeless	http://feedproxy.google.com/~r/breitbart/~3/ZAtvvRMSOpI/	Breitbart
82	1488200091	tesla resigns analysts worry company soon out of cash	some analysts fear tesla will either be financially insolvent in four months or have to sell huge amounts of stock to stay afloat	http://feedproxy.google.com/~r/breitbart/~3/EdUc40r8yJg/	Breitbart
83	1488191736	jewish cemetery attacked by vandals in philadelphia	vandals have broken and overturned more than number gravestones at a jewish cemetery in philadelphia the latest in a spate of recent bomb threats and attacks against sites for jews across the united states	http://feedproxy.google.com/~r/breitbart/~3/QTqCH5-ZS0Q/	Breitbart
84	1488201340	yad calls on amazon to stop selling holocaust denial books	tel holocaust memorial yad has called on amazon to stop selling holocaust denial books charging the retail giant of promoting anti semitism and hate speech	http://feedproxy.google.com/~r/breitbart/~3/-ND3eXdGQsQ/	Breitbart
85	1488157210	number annual academy awards complete moonlight wins best picture	follow along with as the oscars get underway in angeles	http://feedproxy.google.com/~r/breitbart/~3/GMozh46kNkE/	Breitbart
86	1488175666	oscars mexican actor gael bashes trumps border wall video	mexican actor gael condemned president donald trumps plan to build a wall on the mexico us border at the oscars sunday night in one of the hollywood awards shows most politicized moments	http://feedproxy.google.com/~r/breitbart/~3/cvlGQiPz14I/	Breitbart
87	1488130966	rips trumps un american policies at independent spirit awards video	used his acceptance speech at the film independent spirit awards saturday night to bash president donald trump and his administrations abhorrent and un american policies	http://feedproxy.google.com/~r/breitbart/~3/l-jHQEOfATU/	Breitbart
88	1488205584	in their heads hollywood celebrities attack donald trump number times at oscars	president donald trump was the primary target for leftist hollywood celebrities during the oscars as he his family or his administration was mentioned negatively fifteen times during the ceremony	http://feedproxy.google.com/~r/breitbart/~3/dpxfeCQjyyg/	Breitbart
89	1488210198	former leader who claimed to be black is on food stamps	the former leader from spokane wash who resigned after it came to light that she was falsely presenting herself as black is jobless and may soon be homeless	http://rssfeeds.usatoday.com/~/275515436/0/usatodaycomnation-topstories~Rachel-Dolezal-former-NAACP-leader-who-claimed-to-be-black-is-on-food-stamps/	USAToday
90	1488218085	raw leaves pa court after hearing	a suburban philadelphia judge has ruled that a jury from outside the area will hear the sexual assault case against actor bill number	http://rssfeeds.usatoday.com/~/275598698/0/usatodaycomnation-topstories~Raw-Cosby-leaves-Pa-court-after-hearing	USAToday
91	1488217739	stars shine on oscar carpet	biggest fashion night includes looks by emma stone and harris number	http://rssfeeds.usatoday.com/~/275598702/0/usatodaycomnation-topstories~Stars-shine-on-Oscar-carpet/	USAToday
92	1488217723	hospitals increasingly try to keep patients away to save money	asked about his health issues anthony says do you have about an hour	http://rssfeeds.usatoday.com/~/274615846/0/usatodaycomnation-topstories~Hospitals-increasingly-try-to-keep-patients-away-to-save-money/	USAToday
93	1488217661	stars shine on oscar carpet	biggest fashion night includes looks by emma stone and harris number	http://rssfeeds.usatoday.com/~/275596624/0/usatodaycomnation-topstories~Stars-shine-on-Oscar-carpet/	USAToday
94	1488216781	trump health care system going to implode	president donald trump warned monday that the nations health care system was in danger of imploding and said congress must make fundamental changes to the sweeping health law passed by his predecessor number	http://www.usatoday.com/videos/news/nation/2017/02/27/trump:-health-care-system-going-'implode'/98480738/	USAToday
95	1488216348	oxford adds number new words to dictionary	oxford recently added number new words to its dictionary and many of them are millennial inspired	http://rssfeeds.usatoday.com/~/275587626/0/usatodaycomnation-topstories~Oxford-adds-new-words-to-dictionary/	USAToday
96	1488216260	yas squad goals and sausage fest added to oxford dictionaries	anyone against this is just spreading word added to the mix	http://rssfeeds.usatoday.com/~/275589532/0/usatodaycomnation-topstories~Yas-squad-goals-and-sausage-fest-added-to-Oxford-Dictionaries/	USAToday
97	1488216170	stars shine on oscar carpet	biggest fashion night includes looks by emma stone and harris number	http://rssfeeds.usatoday.com/~/275590980/0/usatodaycomnation-topstories~Stars-shine-on-Oscar-carpet/	USAToday
98	1488214968	trumps budget focuses on defense public safety	at a meeting with governors president donald trump said his first budget will focus on public safety and national security he also said when he was in college the us never lost a war his college years coincided with the vietnam war number	http://www.usatoday.com/videos/news/nation/2017/02/27/trump's-budget-focuses-defense-public-safety/98478522/	USAToday
99	1488214374	wrong movie was announced for best picture	la la land was announced as the winner of best picture at the academy awards before representatives for ballot tabulators price coopers raced onstage to try to stop the acceptance speech and announce that moonlight had won number	http://rssfeeds.usatoday.com/~/275581022/0/usatodaycomnation-topstories~Wrong-Movie-Was-Announced-For-Best-Picture/	USAToday
100	1488211201	mom saves her teens life on soccer field	son would have died had she not performed on the field a doctor said	http://rssfeeds.usatoday.com/~/275562374/0/usatodaycomnation-topstories~Mom-saves-her-teens-life-on-soccer-field/	USAToday
101	1488210921	trumps navy secretary pick follows army nominee out the door	businessman and former army officer philip has withdrawn as president trumps nominee for secretary of the navy a victim of financial entanglements	http://rssfeeds.usatoday.com/~/275532734/0/usatodaycomnation-topstories~Trumps-Navy-secretary-pick-follows-Army-nominee-out-the-door/	USAToday
102	1488210676	trumps navy secretary pick withdraws	president trumps pick for secretary of the navy withdrew from of government conflict of interest rules this leaves trump and secretary of defense jim without nominees to head both the navy and army	http://www.usatoday.com/videos/news/nation/2017/02/27/trump's-navy-secretary-pick-withdraws/98474640/	USAToday
103	1488209123	raw asks judge to bring in outside jurors	actor bill is back in a pennsylvania courtroom monday as his legal team asks a judge to bring in outside jurors for his criminal sex assault trial number	http://rssfeeds.usatoday.com/~/275555218/0/usatodaycomnation-topstories~Raw-Cosby-asks-judge-to-bring-in-outside-jurors/	USAToday
104	1488208859	vandals damage jewish	police number to number headstones broken or overturned at a jewish cemetery in philadelphia	http://rssfeeds.usatoday.com/~/275266700/0/usatodaycomnation-topstories~Philly-vandals-damage-Jewish-gravesites/	USAToday
105	1488208672	stars accounts of best picture confusion	guests at the vanity fair party including and anthony anderson discuss their reaction to the best picture mishap on the oscar stage number	http://www.usatoday.com/videos/news/nation/2017/02/27/stars'-accounts-best-picture-confusion/98473388/	USAToday
106	1488206686	leader i do consider myself to be black	spokane president responded to claims from biological parents that she is actually white she also talked about claims that her son is actually her adopted brother	http://www.usatoday.com/videos/news/nation/2017/02/27/naacp-leader-'i-do-consider-myself-black'/71120990/	USAToday
107	1488204771	raw forces push deeper in battle for	iraqi federal police units pushed deeper into western gaining control of a neighborhood along the tigris river and the foot of one of the five bridges amid intense clashes with islamic state group is militants number	http://rssfeeds.usatoday.com/~/275534808/0/usatodaycomnation-topstories~Raw-Forces-Push-Deeper-in-Battle-for-Mosul/	USAToday
108	1488200871	barry la la land hugs	at the governors ball moonlight director barry and la la land producer jordan talk about the best picture mishap number	http://www.usatoday.com/videos/news/nation/2017/02/27/barry-jenkins'-'la-la-land'-hugs/98469896/	USAToday
109	1488218823	how the best picture oscar snafu unfolded	there were audible gasps when the mix up was revealed	http://abcnews.go.com/Entertainment/oscars-best-picture-mix-unforgettable-moment-unfolded/story?id=45775782	ABCTopStories
110	1488217182	moonlight wins best picture after la la land mistakenly announced	i wasnt trying to be funny presenter warren said	http://abcnews.go.com/Entertainment/moonlight-wins-best-picture-mistake-presenter-warren-beatty/story?id=45769592	ABCTopStories
111	1488210434	la la land producer calls best picture snafu surreal	la la land was at first mistakenly announced as the best picture winner	http://abcnews.go.com/Entertainment/la-la-land-producer-jordan-horowitz-describes-surreal/story?id=45776099	ABCTopStories
112	1488219784	lawyer white house to no longer contest texas voter id law	an attorney for a voting rights group says president donald trumps administration has told her that the federal government no longer plans to challenge texas strict voter id law	http://abcnews.go.com/Politics/wireStory/lawyer-white-house-longer-contest-texas-voter-id-45781427	ABCTopStories
113	1488220453	trump to propose historic defense spending increase in budget blueprint	president trump will target foreign aid in his proposed budget officials say	http://abcnews.go.com/Politics/president-trump-target-foreign-aid-propose-historic-defense/story?id=45777679	ABCTopStories
114	1488219164	oscars mistake puts consulting firms reputation in jeopardy	for number years global accounting and consulting firm has enjoyed the boon it got from leading the balloting process at the academy awards	http://abcnews.go.com/Entertainment/wireStory/pwcs-hard-won-reputation-threat-oscars-mix-45775631	ABCTopStories
115	1488214565	gaffe again oscars in includes living producer	an australian film producer says shes alive and well after her photo was mistakenly included in the in tribute at sunday nights oscars	http://abcnews.go.com/Entertainment/wireStory/gaffe-oscars-memoriam-includes-living-producer-45776967	ABCTopStories
116	1488218861	judge in sex assault trial agrees to jury pool change	the comedian is accused of drugging and sexually assaulting	http://abcnews.go.com/Entertainment/bill-cosby-judge-agrees-change-jury-pool-sex/story?id=45733797	ABCTopStories
117	1488219905	number call bar shooting suspect said hed killed iranians	a bartender at the missouri restaurant where a man accused in an apparently racially motivated bar shooting was arrested last week told a number dispatcher that he said he killed two iranians and needed a place to stay while he figured out what to do	http://abcnews.go.com/US/wireStory/man-wounded-kansas-bar-shooting-speaks-vigil-45772021	ABCTopStories
118	1488210684	trumps congressional address what you need to know	trump will address the number congress tuesday night	http://abcnews.go.com/Politics/trumps-congressional-address/story?id=45756286	ABCTopStories
119	1488220070	bite of apple even bigger than thought	warren says hes investing heavily in apple believing that once consumers begin using the products they arent likely to stop	http://abcnews.go.com/Technology/wireStory/buffetts-bite-apple-bigger-thought-45774345	ABCTopStories
120	1488214129	california dam spillway outflow slowed to clear debris	california water authorities started slowing the outflow from the dams crippled spillway to allow workers to remove debris blocking a hydroelectric plant from working	http://abcnews.go.com/US/wireStory/california-dams-outflow-stopped-clear-debris-45773643	ABCTopStories
121	1488202463	what to know about the presidents designated survivor	spoiler he wont be in the audience for trumps address	http://abcnews.go.com/Politics/presidents-designated-survivor/story?id=45759764	ABCTopStories
122	1488210607	george w bush on trump and russia we all need answers	he also defended the medias role in keeping leaders in check	http://abcnews.go.com/Politics/wireStory/george-bush-trump-russia-answers-45776433	ABCTopStories
123	1488206995	trumps speech could be marked by disruption or decorum	president donald trumps speech on tuesday offers him an opportunity to stand before millions of viewers around the united states and the world and try to reframe his presidency	http://abcnews.go.com/Politics/wireStory/trumps-speech-marked-disruption-decorum-45773135	ABCTopStories
124	1488198478	jimmy tweets at president donald trump during oscars	he mentioned streep	http://abcnews.go.com/Entertainment/jimmy-kimmel-tweets-president-donald-trump-oscars/story?id=45766682	ABCTopStories
125	1488220732	philadelphia jewish community feels threatened after gravestones toppled	the vandalism follows a similar incident that took place in missouri last week	http://abcnews.go.com/US/philadelphia-jewish-community-feels-threatened-gravestones-toppled/story?id=45777549	ABCTopStories
126	1488203873	police say more than number jewish cemetery headstones damaged	police say more than number headstones have been vandalized at a jewish cemetery in philadelphia damage discovered less than a week after similar vandalism in missouri	http://abcnews.go.com/US/wireStory/police-dozens-headstones-damaged-jewish-cemetery-45753004	ABCTopStories
127	1488214715	patricia upset trans sister missing from oscars in tribute	who had over number acting credits died last september	http://abcnews.go.com/Entertainment/patricia-arquette-upset-oscars-left-trans-sister-memoriam/story?id=45777264	ABCTopStories
128	1488212805	iranians cheer oscar as rebuke of trump policies	the oscar for the salesman energized many of the fellow iranians who saw the win for best foreign film as a pointed rebuke to the trump administration and its efforts to deny them entry	http://abcnews.go.com/Entertainment/wireStory/foreign-minister-welcomes-iran-oscar-best-foreign-film-45772416	ABCTopStories
129	1488230220	moonlight oscar winners on best picture mix up	writer director barry and co writer weigh in on stunning academy awards gaffe	http://www.cbsnews.com/news/moonlight-oscar-winners-barry-jenkins-tarell-alvin-mccraney-on-best-picture-mix-up/	CBSTopStories
130	1488228809	trump budget would boost defense spending offset with cuts to domestic programs	the budget blueprint is expected to be released in mid march and congress will have the final say over federal spending levels	http://www.cbsnews.com/news/trump-budget-would-boost-defense-spending-offset-with-cuts-to-domestic-programs/	CBSTopStories
131	1487977133	inside the us vetting system trump wants to replace	spoke with a range of experts and former officials about the vetting process and what extreme vetting might entail	http://www.cbsnews.com/news/inside-u-s-vetting-for-visas-refugees-and-improvements-that-could-be-made/	CBSTopStories
132	1452419775	remembering the smell of death	exonerated prisoner ray describes life on death row ken ireland also falsely convicted says the world changed while he was in prison	http://www.cbsnews.com/news/60-minutes-overtime-remembering-the-smell-of-death/	CBSTopStories
133	1488235268	house intel chair says trump russia ties cant become witch hunt		http://www.cbsnews.com/news/house-intel-chair-says-trump-russia-ties-cant-become-witch-hunt/	CBSTopStories
134	1488208818	south korea says enraged kim had number security officials executed		http://www.cbsnews.com/news/north-korea-kim-jong-un-executes-security-officials-anti-aircraft-gun-intelligence/	CBSTopStories
135	1487993456	colorado teen enters plea in slaying of rodeo queen ex		http://www.cbsnews.com/news/ashley-doolittle-case-teen-enters-plea-in-slaying-of-rodeo-queen-ex-girlfriend/	CBSTopStories
136	1488170472	number oscars red carpet	hollywood steps out on oscars night	http://www.cbsnews.com/pictures/2017-oscars-red-carpet-gallery/	CBSTopStories
137	1487981639	why men are having problems getting married		http://www.cbsnews.com/news/why-men-are-having-problems-getting-married/	CBSTopStories
138	1488217160	oscar gaffe in segment pictures wrong woman		http://www.cbsnews.com/news/oscars-2017-gaffe-in-memoriam-segment-pictures-wrong-woman-jan-chapman-janet-patterson/	CBSTopStories
139	1488217262	college hockey player leaves penalty box slams referee to ice		http://www.cbsnews.com/news/erie-community-college-hockey-player-brandon-day-leaves-penalty-box-to-attack-referee/	CBSTopStories
140	1488219791	white house official on possible probe into death of navy seal		http://www.cbsnews.com/news/white-house-official-trump-likely-to-support-probe-death-navy-seal-ryan-owens/	CBSTopStories
141	1488230844	houston girl number shot dead after surviving crash		http://www.cbsnews.com/news/cops-houston-girl-8-shot-dead-after-surviving-car-crash/	CBSTopStories
142	1488213147	god was on his side teen survives number story plunge in car		http://www.cbsnews.com/news/teenager-survives-7-story-plunge-in-car/	CBSTopStories
143	1488221868	leader issues unusual battle cry for mother nature		http://www.cbsnews.com/news/taliban-leader-says-plant-trees-in-afghanistan/	CBSTopStories
144	1488223170	game of thrones actor dead at number		http://www.cbsnews.com/news/neil-fingleton-game-of-thrones-actor-dead-at-36/	CBSTopStories
145	1488227690	fugitive in basement killings caught after panhandling		http://www.cbsnews.com/news/wes-doughty-fugitive-in-grisly-peabody-massachusetts-basement-killings-caught-in-south-carolina-after-panhandling/	CBSTopStories
146	1488227145	ex leader says shes only offered jobs in reality tv and porn		http://www.cbsnews.com/news/former-naacp-leader-rachel-dolezal-says-she-cant-find-job/	CBSTopStories
147	1488232113	un issues list of number most worrying bacteria		http://www.cbsnews.com/news/un-list-12-most-worrying-bacteria-antibiotic-resistant-superbugs/	CBSTopStories
148	1488232357	storm chasers find unique way to honor twister star bill		http://www.cbsnews.com/news/bill-paxton-storm-chasers-find-unique-way-to-honor-twister-star/	CBSTopStories
149	1488219084	trump singles out tunnels in new york as among nations worst	president trump on monday warned that the nations highways bridges and tunnels are unsafe and he singled out new lincoln and midtown tunnels as among the most dangerous i mean we have tunnels in new york where the tiles are on the ceiling and you see many tiles missing and you wonder youre	http://nypost.com/2017/02/27/trump-singles-out-tunnels-in-new-york-as-among-nations-worst/	NYPost
150	1488217211	says he would kill his own child in war on drugs	the foul mouthed philippines president bragged about throwing criminals out of helicopters and gunning down drug offenders in the streets has a new target children as young as number including his own son president who has said he will kill all the criminals is among the backers of a bill that would	http://nypost.com/2017/02/27/duterte-says-he-would-kill-his-own-child-in-war-on-drugs/	NYPost
151	1488216971	muslim terrorists behead kidnapped sailor after ransom is denied	manila philippines abu extremists in the philippines released a video showing the beheading of a german hostage in the first sign the brutal filipino militants carried out a threat to kill him after a ransom deadline lapsed over the weekend president adviser dealing with muslim rebel groups jesus condemned the	http://nypost.com/2017/02/27/philippine-militants-release-video-of-germans-beheading/	NYPost
152	1488212431	were running out of time to stop these dangerous	london the world health organization has issued a list of the top dozen bacteria most dangerous to humans warning that doctors are fast running out of treatment options in a press briefing on monday the un health agency said its list is meant to promote the development of medicines for the most worrying drug resistant	http://nypost.com/2017/02/27/were-running-out-of-time-to-stop-these-dangerous-superbugs/	NYPost
153	1488211602	your trader joes apple sauce might have broken glass inside it	trader joes voluntarily recalled three of its apple sauce products after broken glass was found inside all containers of trader joes first crush unsweetened apple sauce trader joes organic unsweetened apple sauce and trader joes all natural unsweetened apple sauce have been removed from the shelves and destroyed according to an announcement	http://nypost.com/2017/02/27/your-trader-joes-apple-sauce-might-have-broken-glass-inside-it/	NYPost
154	1488209240	isis thugs strapped a bomb to this puppy	animalistic isis turned a fuzzy little pooch into a suicide bomber but the cute dog survived thanks to several warm hearted iraqis according to a new video the shocking footage shows three iraqi soldiers in the fight against the islamic state bent over the puppy strapped with four bottles containing explosives with electrical wires attached	http://nypost.com/2017/02/27/isis-thugs-strapped-a-bomb-to-this-puppy/	NYPost
155	1488208631	ex members say this church beat and choked the devil out of them	from all over the world they flocked to this tiny town in the foothills of the blue ridge mountains lured by promises of inner peace and eternal life what many found instead was years of terror waged in the name of the lord congregants of the word of faith fellowship were	http://nypost.com/2017/02/27/ex-members-say-this-church-beat-and-choked-the-devil-out-of-them/	NYPost
156	1488206762	how spicer tried to get reports of russia talks shot down	white house spokesman spicer orchestrated phone calls between outside officials and reporters to try to tamp down reports that trump campaign officials had been talking to the russians before the election according to a report monday spicer arranged for cia director mike and sen richard burr chair of the senate select intelligence committee	http://nypost.com/2017/02/27/how-spicer-tried-to-get-reports-of-russia-talks-shot-down/	NYPost
157	1488203145	trumps navy secretary pick officially withdraws	president trumps nominee for secretary of the navy on sunday removed his name from consideration over ethical concerns about his financial holdings financier philip said in a statement that he would be unlikely to meet the standards of the office of government ethics after an extensive review process i have determined that i will	http://nypost.com/2017/02/27/trumps-navy-secretary-pick-officially-withdraws/	NYPost
158	1488202136	north korean ministries organized kim murder south korea	the killing of the half brother of north korean leader kim un was organized by the reclusive states ministry of state security and foreign ministry according to south korean lawmakers briefed by the intelligence agency the eight north korean suspects include four officials of the state security ministry and two officials of the foreign	http://nypost.com/2017/02/27/north-korean-ministries-organized-kim-jong-nams-death-south-korea/	NYPost
159	1488216069	trump lays out hike in military spending	donald trump proposes a number pound number military spending increase a rise of about number on number	http://www.bbc.co.uk/news/world-us-canada-39108194	BBCUSCanada
160	1488214647	hundreds of us jewish graves attacked in philadelphia	the incident marks the second major attack against a jewish cemetery in the past week	http://www.bbc.co.uk/news/world-us-canada-39082013	BBCUSCanada
161	1488210490	george w bush backs free press in rare interview	george w bush says in a rare tv interview that a free media is needed to call those in power to account	http://www.bbc.co.uk/news/world-us-canada-39107315	BBCUSCanada
162	1488219852	top soviet olympic gymnast sells off medals	the former gymnast a darling of the number munich olympics auctions off her medals to pay the bills	http://www.bbc.co.uk/news/world-europe-39106369	BBCUSCanada
163	1488188818	oscars number moonlight wins best picture after announcement mix up	barry moonlight wins best picture at the oscars after an error involving wrong envelopes	http://www.bbc.co.uk/news/entertainment-arts-39099454	BBCUSCanada
164	1488167494	father of us commando killed in yemen refused to meet trump	the us must investigate the stupid mission in yemen that saw his son killed bill says	http://www.bbc.co.uk/news/world-us-canada-39099680	BBCUSCanada
165	1488149808	judge joseph star of the peoples court dies aged number	he gained an audience of millions as host of the peoples court in the number and early number	http://www.bbc.co.uk/news/world-us-canada-39099384	BBCUSCanada
166	1488195226	oscars number is first muslim actor to win academy award	has made history with his portrayal of a drug dealer in the film moonlight	http://www.bbc.co.uk/news/entertainment-arts-39102290	BBCUSCanada
167	1488141992	mo trainer rejects allegations he broke anti doping rules	the american coach of olympic champion mo rejects claims he may have broken anti doping rules	http://www.bbc.co.uk/sport/athletics/39097761	BBCUSCanada
168	1488115198	french historian henry nearly deported from us	visiting speaker henry was stopped by border officials on his way to a university conference	http://www.bbc.co.uk/news/world-us-canada-39095196	BBCUSCanada
169	1488141568	bill actor known for aliens and titanic dies aged number	actor bill known for roles in aliens and titanic has died aged number his family tell us media	http://www.bbc.co.uk/news/entertainment-arts-39097834	BBCUSCanada
170	1488108152	warren upbeat on us business growth	billionaire investor warren backs us businesses to continue to create mind boggling wealth	http://www.bbc.co.uk/news/business-39095430	BBCUSCanada
171	1488093382	president trump to skip white house correspondents dinner	the us president has traditionally attended and it will still go ahead in mr trumps absence	http://www.bbc.co.uk/news/world-us-canada-39093434	BBCUSCanada
172	1488063259	us democrats pick tom to lead party	tom was seen as the establishment backed candidate and will have to unite a divided party	http://www.bbc.co.uk/news/world-us-canada-39093428	BBCUSCanada
173	1488077026	vehicle hits crowd at new orleans parade	twenty eight people are injured some seriously but police say terrorism is not suspected	http://www.bbc.co.uk/news/world-us-canada-39094069	BBCUSCanada
174	1488087656	oscars moonlight warms up with independent spirit awards win	low budget drama moonlight warms up for sundays oscars by winning six independent spirit awards	http://www.bbc.co.uk/news/entertainment-arts-39093564	BBCUSCanada
175	1488145369	kansas tragedy	the injured friend of shooting victim and his widow talk to the	http://www.bbc.co.uk/news/world-us-canada-39098084	BBCUSCanada
176	1488158681	diplomatic vacuum	under the new administration many us diplomatic posts remain to be filled most notably at the un	http://www.bbc.co.uk/news/world-europe-39080204	BBCUSCanada
177	1487983811	the ballot question	a leading us political scientists thinks donald trump is president because his name came first on the ballot in some critical swing states	http://www.bbc.co.uk/news/magazine-39082465	BBCUSCanada
178	1487983398	a quiet man	can the outsider secretary of state find a way to wield power in a chaotic washington	http://www.bbc.co.uk/news/world-us-canada-39083336	BBCUSCanada
